question,answer,context_count
What is artificial intelligence?,"Artificial intelligence (AI) is the capability of computational systems to perform tasks typically associated with human intelligence, such as learning, reasoning, problem-solving, perception, and decision-making. It is a field of research in engineering, mathematics and computer science that develops and studies methods and software that enable machines to perceive their environment and use learning and intelligence to take actions that maximize their chances of achieving defined goals.",5
What are the traditional goals of AI research?,"The traditional goals of AI research include learning, reasoning, knowledge representation, planning, natural language processing, and perception, as well as support for robotics.",5
What is machine learning?,"Machine learning (ML) is a field of study in artificial intelligence concerned with the development and study of statistical algorithms that can learn from data and generalize to unseen data, and thus perform tasks without being explicitly programmed.",5
What are the three main approaches to machine learning?,"The three main approaches to machine learning are:

1. Supervised learning: The computer is presented with example inputs and their desired outputs, given by a ""teacher"", and the goal is to learn a general rule that maps inputs to outputs.
2. Unsupervised learning: No labels are given to the learning algorithm, leaving it on its own to find structure in its input.
3. Reinforcement learning: A computer program interacts with a dynamic environment in which it must perform a certain goal, and is provided rewards as feedback, which it tries to maximize, thus resulting in the program learning from experience.",5
What is deep learning?,"Deep learning refers to a class of machine learning algorithms in which a hierarchy of layers is used to transform input data into a progressively more abstract and composite representation. It focuses on utilizing multilayered neural networks to perform tasks such as classification, regression, and representation learning.",5
How do deep learning neural networks differ from traditional machine learning?,"Deep learning neural networks differ from traditional machine learning in that they do not require hand-crafted feature engineering. Instead, deep learning models can discover useful feature representations from the data automatically by using a hierarchy of layers to transform input data into a progressively more abstract and composite representation. This allows the model to learn which features to optimally place at which level on its own, eliminating the need for manual feature engineering.",5
What is a neural network?,"A neural network is a group of interconnected units called neurons that send signals to one another. Neurons can be either biological cells or mathematical models. While individual neurons are simple, many of them together in a network can perform complex tasks. There are two main types of neural networks: biological neural networks found in brains and complex nervous systems, and artificial neural networks, which are mathematical models used to approximate nonlinear functions in machine learning.",5
What are the components of a neural network?,"The components of a neural network include neurons (also known as units) that send signals to one another. In a biological neural network, these neurons are biological cells connected by synapses, while in an artificial neural network, they are mathematical models. Additionally, artificial neural networks consist of layers, including an input layer, one or more hidden layers, and an output layer, with connections between neurons having strengths or weights that are modified during training.",5
What is a large language model?,"A large language model (LLM) is a neural network trained on a vast amount of text for natural language processing tasks, especially language generation. LLMs can typically generate, summarize, translate, and analyze text in many contexts, and are a foundational technology behind modern chatbots.",5
How are large language models trained?,"Large language models (LLMs) are trained on a vast amount of text for natural language processing tasks. They are typically based on the transformer architecture and are trained in different ways. In particular, GPT models are first pre-trained to predict the next word on a large amount of data, before being fine-tuned. The fine-tuning shapes the LLM's behavior via techniques like reinforcement learning from human feedback (RLHF) or constitutional AI.",5
What is generative artificial intelligence?,"Generative artificial intelligence (GenAI) is a subfield of artificial intelligence (AI) that uses generative models to generate text, images, videos, audio, software code, or other forms of data. These models learn the underlying patterns and structures of their training data and use them to generate new data in response to input, which often takes the form of natural language prompts.",5
What can generative AI create?,"Generative AI can create text, images, videos, audio, software code, and other forms of data. It can also be used for tasks such as music composition, script development, and 3D modeling. Additionally, it can generate synthetic medical data, create visual art, produce photorealistic videos, and assist in automating various tasks.",5
What is natural language processing?,"Natural language processing (NLP) is the processing of natural language information by a computer. NLP is a subfield of computer science and is closely associated with artificial intelligence. NLP is also related to information retrieval, knowledge representation, computational linguistics, and linguistics more broadly.",5
What are some applications of NLP?,"Some applications of NLP include:

1. Automatic summarization (text summarization)
2. Grammatical error correction
3. Logic translation
4. Machine translation (MT)
5. Natural language understanding (NLU)
6. Natural language generation (NLG)
7. Book generation
8. Document AI
9. Dialogue management
10. Question answering
11. Text-to-image generation
12. Text-to-scene generation
13. Text-to-video generation",5
What is computer vision?,"Computer vision is an interdisciplinary field that deals with how computers can be made to gain high-level understanding from digital images or videos. It seeks to automate tasks that the human visual system can do, and is concerned with the automatic extraction, analysis, and understanding of useful information from a single image or a sequence of images.",5
What tasks does computer vision try to automate?,Computer vision tries to automate tasks that the human visual system can do.,5
What is reinforcement learning?,"Reinforcement learning (RL) is concerned with how an intelligent agent should take actions in a dynamic environment in order to maximize a reward signal. It is one of the three basic machine learning paradigms, alongside supervised learning and unsupervised learning. In reinforcement learning, an agent learns to maximize rewards from interactions with its environment by making decisions between trying new actions to learn more about the environment (exploration), or using current knowledge of the environment to take the best action (exploitation).",5
How does an agent learn in reinforcement learning?,"In reinforcement learning, an agent learns by interacting with its environment in discrete time steps. At each time step, the agent receives the current state and reward, chooses an action from the set of available actions, and sends it to the environment. The environment then moves to a new state and provides a new reward associated with the transition. The agent learns to maximize the reward function or other user-provided reinforcement signal that accumulates from immediate rewards by making decisions between trying new actions to learn more about the environment (exploration) and using current knowledge to take the best action (exploitation). The goal is to learn an optimal (or near-optimal) policy that maximizes the reward.",5
What is retrieval-augmented generation?,"Retrieval-augmented generation (RAG) is a technique that enables large language models (LLMs) to retrieve and incorporate new information from external data sources. With RAG, LLMs first refer to a specified set of documents, then respond to user queries. These documents supplement information from the LLM's pre-existing training data, allowing LLMs to use domain-specific and/or updated information that is not available in the training data.",5
Why is RAG useful for answering questions about documents?,"RAG is useful for answering questions about documents because it enables large language models (LLMs) to retrieve and incorporate new information from external data sources, such as documents, and use this information to generate more accurate and up-to-date responses. This allows LLMs to access domain-specific and/or updated information that is not available in the training data, reducing the need for frequent model retraining and improving the accuracy of the responses. Additionally, RAG provides greater transparency by allowing users to verify the cited sources, which helps to ensure accuracy and relevance.",5
